path,category,bytes,sha256
.dockerignore,source,76,ac1fa84cc715a6e17ccd05942353a015e6cceb5b7325f0ef9fdfd39b63b2e0c8
.env.example,source,354,e3e5a7f10e1e902bb95a6c7edc001ba665e3ebfa706ca2c7d3c421d94f5f3f47
.gitignore,source,34,abf400c95db9cb4fccbd7db1a10a1f6d7439e607ac683599e8c0ac4e5bb5cafd
.npmrc,source,40,c7fe185bab79296940b94e2eda6f170f65a55938eb97e1d0d5fa67f932497b4e
5e5651f0-d53d-4e3f-b263-c96eb0540af6.jpg,reference-media,160132,45d557e20267f4d40f4e3295bb61c4e353e42921d9cdf3b6033a86099ea8709e
DEPLOY-AR.md,source,6376,f2464a0f7597bb800f8035880f7195952422f85735de4bf99ef343849572824b
Dockerfile,source,384,4b987900e3f8aef73f193e3f7454231094fc87b150aa02720e17fcddcce238c8
Fitness Gym (Poster).pdf,reference-media,4739980,d0ac32ce790a88b44c7ff35b573cbe8fff46d81cb14019e2be513631ef0926ce
README.md,source,7357,8481d58173f5da75d7934bf5cf10fc05c720635b56baf82d56b641858b434741
compose.yaml,source,549,2d84b4501b37f02e285824d1b08de2015c05a5beb9246b667d012f33b2be7760
outputs/fightclub-release-2026-10-01.zip,historical-release,2482794,e8ae0494832db7b3cc545fde453c85bb117aed0dd7dfde837ab543edaeaec3fb
package-lock.json,source,57405,584ca64911403e888fdc55897822522ae822ee07a77e00574ee296ba64f7cef7
package.json,source,687,365c61dca747fafa2c9947b9e343e6ad6d6f6408ceb1355214fbd3fdf604bdf3
public/account.html,source,1658,9c580e228b5f1c9607c30486e8343918a3bca746e7df366c7d86b9dd55a3f82c
public/admin/index.html,source,973,6fc7417d6c503f758742985cf86ee76b796b20fcfda6002913306b5ab58c5897
public/assets/apple-touch-icon.png,current-media,14829,8526e9d3f4da9616b27b1517cae60a60f52140716ec6591aeebc68b4b51317bc
public/assets/favicon-32.png,current-media,1389,da96b5eb4d0ddbacdf8ec3d910c0781e0282eb4255909b6617157f5b06263607
public/assets/favicon.png,current-media,25088,4c7fc4d50819c21850b47c94f4ec183f778b711ac14c6044b13dc5b68664a9bf
public/assets/logo-inner.png,current-media,458855,a448df2e0c7bf40dbcc0a33edeba0dfe5d22c83cdc7463e70806078e76ebe127
public/assets/logo-interior.png,current-media,527205,2beaec66e4e240fdf0e37a1e51036f76a78114f0739a429b6cd7490fac11605d
public/assets/logo-main.jpg,current-media,74843,0690024d3bc68fc033c1a1225272c92b4f246d00922ce7de3595890738483e33
public/assets/og.jpg,current-media,46238,2bc84e9ab5b6202d34b877b52ed0ce50cd8e7f5d5a56b92519edd5aebe05075b
public/assets/streaks.png,current-media,1252834,2c4cfcb774c3f12e3e0bf635161d5898c6be663323af51f565b971e14dfcf0d4
public/assets/trainers/abdelkarim-zridy.jpg,current-media,8096,ab11e22816ff4910df3d8da42160f144311dcf4594526f144a687d60045dc146
public/assets/trainers/abdullah-jawish.jpg,current-media,12870,30a321aae44912711fd63bcdfdb773b77748442a332287482e254955b83cb88a
public/assets/trainers/adel-bek.jpg,current-media,8848,a8a95b45f13d467f1c8666a9695806ad9349e3ee764562828fd118583bf44546
public/assets/trainers/firas-saadah.jpg,current-media,8068,04b61e9dea66eee6f4ad1f4f0d55687800363cdd7d60b7f2b4f5c401a6cc9acf
public/assets/trainers/jose-maria-tomy.jpg,current-media,9818,b2896dc36e90c62356592ea41221428296b0680ae5a97576e5e702911c929800
public/assets/trainers/roua-salim.jpg,current-media,9849,1cda1642b0dcf497ecd6093982d54ee48a0e247ff8dfb9bcd63544711cdeb5dd
public/assets/trainers/soufiane-zridy.jpg,current-media,7932,3132b763fa617eaa5c730e53fca53c846a9a7a04a92cf5aafff6cc034dfb26c0
public/css/account.css,source,6309,13a94f4a2f27fdece81919600061313479bef57008f87a8fe7bda2566ea3d149
public/css/admin.css,source,11303,1354fc07b1c00a15b171817475cf1c636ef64ca79d62338d1e11d2dc4ed21c77
public/css/base.css,source,8101,2a23df932d89459bfe38fb6f79039cb7755ee65934ae04e46c3522b6c8a48b15
public/css/site.css,source,17570,14aa88ba5669949f5e242641454da97545681ae7bd2120e5fa6458594e514fce
public/index.html,source,1618,f990dc12c3ffd0626b24612acc989bc5ea52ed415390944708e70881fb3dfe40
public/js/account.js,source,16888,c4cf0978da1e68331c6c32e04a7112c8fec242b7f4cf8242d73fb34d6f5bfb56
public/js/admin.js,source,57958,4e825b10eacb642955eed764ea3c94c20b375c597f1311d3bdcd770dd94b2567
public/js/common.js,source,15123,32e38ed02f43f71e33ad8c5d856c93c24266756fd14a066e490589b18e3d47f8
public/js/site.js,source,21056,4471f14bc05391f3057f32f93c311d66c18af4a7941b7bad855301b5465ecb6d
scripts/backup.js,source,800,75bb207390dcba78d5169769beef1c88909e9508945825be02127599ef76d9e6
scripts/create-admin.js,source,711,dc3cb17b5d5de75b9af13922d513134a3a31205a42f13b766ce36d474eb8b9d1
server.js,source,3786,2b2c085ff556d07a802d87b2eca07b4584f85c5a253f85d3364452e36e4a6bb9
server.log,source,66,b5b686152157fbf4d543463980be8493072258a3905509b3073f16b7617a1e3b
src/auth.js,source,3187,107c6640f98fcb94f3f2195f51ef753daade3c9013f1df2f4be018d1f038002c
src/db.js,source,38575,9c6aa9e280a26517a2eae9eada2930387050f56e4fdc00703401c6ccc6d00f40
src/notify.js,source,1906,afe4b5a6076444e0f2a2ea33057d85e58d66b91557389fc3ffdece45867fec0e
src/routes/admin.js,source,26510,bd9a5364fc718010f44ba364bc9c6d38fef856787e056ea99c52472fc553fa10
src/routes/member.js,source,7121,f293a1351e1d54364663bca8834e258e55f4d41e976d7eb86aa75e82d84371bd
src/routes/public.js,source,1600,bfc593d4390404b54d1a79b79c33fdb679bfbde7c44abc1d918f8eed511d57a3
src/util.js,source,2552,540b564447b0c1e7389a22f7af31698bb37751943bf27688cf5ef98c5b74d297
src/whatsapp.js,source,6603,29015125b10b044d97bdedd8b149972dcf41a8a1a7cd16f0d47de15aafbbc04e
start-hidden.vbs,source,218,1a2f9a31966963a17e250c1981e583e20ec4820b487b9e97fb52cf8d623f3d25
start.bat,source,1735,0bcffc3f23eb3554297905e50767174c4f01e1334d981ac1361128fa6383c008
start.sh,source,827,c62d83fe93b3e2bffbb6065c1d35a0337e541188abd700f3b2f7330b844b57ee
stop.bat,source,78,f8b35e657aa873174eb22691dc01eafbaaaa47bb1b5135df97aea8fad96bbb2f
work/add-content-migration.py,historical-work,10977,ace4fe6648c9fc344586a242b5b9c19c358c52bc7bedd1622c289e36ef86cb25
work/backup-db.cjs,historical-work,246,d912f16ff522e261c219a5b467c836a1ee381c9b327e46202cbb5f096fa1bd2b
work/contact-sheet.py,historical-work,535,835a4ade8cb115f709f07f4e1725fa1be3b067d5f5dde438d5f1d4ab94a16e49
work/crop-trainers.py,historical-work,1086,a6dceff0bd8ab2f4c5e0dcb929a48a0afceb44aca5a3d40c8151b2d98d35d186
work/fightclub-release-20261001/.dockerignore,historical-work,76,ac1fa84cc715a6e17ccd05942353a015e6cceb5b7325f0ef9fdfd39b63b2e0c8
work/fightclub-release-20261001/.env.example,historical-work,852,7474955cb0ab7a7e44722e1f35bac96082a486e9c470cbe89b8d6628f5ee5fa5
work/fightclub-release-20261001/.gitignore,historical-work,34,abf400c95db9cb4fccbd7db1a10a1f6d7439e607ac683599e8c0ac4e5bb5cafd
work/fightclub-release-20261001/.npmrc,historical-work,40,c7fe185bab79296940b94e2eda6f170f65a55938eb97e1d0d5fa67f932497b4e
work/fightclub-release-20261001/Dockerfile,historical-work,384,4b987900e3f8aef73f193e3f7454231094fc87b150aa02720e17fcddcce238c8
work/fightclub-release-20261001/README.md,historical-work,7357,8481d58173f5da75d7934bf5cf10fc05c720635b56baf82d56b641858b434741
work/fightclub-release-20261001/compose.yaml,historical-work,549,2d84b4501b37f02e285824d1b08de2015c05a5beb9246b667d012f33b2be7760
work/fightclub-release-20261001/package-lock.json,historical-work,57405,584ca64911403e888fdc55897822522ae822ee07a77e00574ee296ba64f7cef7
work/fightclub-release-20261001/package.json,historical-work,687,365c61dca747fafa2c9947b9e343e6ad6d6f6408ceb1355214fbd3fdf604bdf3
work/fightclub-release-20261001/public/account.html,historical-work,1658,9c580e228b5f1c9607c30486e8343918a3bca746e7df366c7d86b9dd55a3f82c
work/fightclub-release-20261001/public/admin/index.html,historical-work,973,6fc7417d6c503f758742985cf86ee76b796b20fcfda6002913306b5ab58c5897
work/fightclub-release-20261001/public/assets/apple-touch-icon.png,reference-media,14829,8526e9d3f4da9616b27b1517cae60a60f52140716ec6591aeebc68b4b51317bc
work/fightclub-release-20261001/public/assets/favicon-32.png,reference-media,1389,da96b5eb4d0ddbacdf8ec3d910c0781e0282eb4255909b6617157f5b06263607
work/fightclub-release-20261001/public/assets/favicon.png,reference-media,25088,4c7fc4d50819c21850b47c94f4ec183f778b711ac14c6044b13dc5b68664a9bf
work/fightclub-release-20261001/public/assets/logo-inner.png,reference-media,458855,a448df2e0c7bf40dbcc0a33edeba0dfe5d22c83cdc7463e70806078e76ebe127
work/fightclub-release-20261001/public/assets/logo-interior.png,reference-media,527205,2beaec66e4e240fdf0e37a1e51036f76a78114f0739a429b6cd7490fac11605d
work/fightclub-release-20261001/public/assets/logo-main.jpg,reference-media,74843,0690024d3bc68fc033c1a1225272c92b4f246d00922ce7de3595890738483e33
work/fightclub-release-20261001/public/assets/og.jpg,reference-media,46238,2bc84e9ab5b6202d34b877b52ed0ce50cd8e7f5d5a56b92519edd5aebe05075b
work/fightclub-release-20261001/public/assets/streaks.png,reference-media,1252834,2c4cfcb774c3f12e3e0bf635161d5898c6be663323af51f565b971e14dfcf0d4
work/fightclub-release-20261001/public/css/account.css,historical-work,6309,13a94f4a2f27fdece81919600061313479bef57008f87a8fe7bda2566ea3d149
work/fightclub-release-20261001/public/css/admin.css,historical-work,11303,1354fc07b1c00a15b171817475cf1c636ef64ca79d62338d1e11d2dc4ed21c77
work/fightclub-release-20261001/public/css/base.css,historical-work,8101,2a23df932d89459bfe38fb6f79039cb7755ee65934ae04e46c3522b6c8a48b15
work/fightclub-release-20261001/public/css/site.css,historical-work,17423,17fab73b812947607d8dfa219461719613f21f37e6620a292132e9ad8f1f4705
work/fightclub-release-20261001/public/index.html,historical-work,1618,f990dc12c3ffd0626b24612acc989bc5ea52ed415390944708e70881fb3dfe40
work/fightclub-release-20261001/public/js/account.js,historical-work,16888,c4cf0978da1e68331c6c32e04a7112c8fec242b7f4cf8242d73fb34d6f5bfb56
work/fightclub-release-20261001/public/js/admin.js,historical-work,57815,02e66f3fa5db697e4643bc9980c738227ef3cc63fb65a07d5e99ca7565383510
work/fightclub-release-20261001/public/js/common.js,historical-work,15123,32e38ed02f43f71e33ad8c5d856c93c24266756fd14a066e490589b18e3d47f8
work/fightclub-release-20261001/public/js/site.js,historical-work,20484,fbb14e893720a10a7afe9ce74f991ffc9d361455e662a70581280c798ad04c50
work/fightclub-release-20261001/scripts/backup.js,historical-work,800,75bb207390dcba78d5169769beef1c88909e9508945825be02127599ef76d9e6
work/fightclub-release-20261001/scripts/create-admin.js,historical-work,711,dc3cb17b5d5de75b9af13922d513134a3a31205a42f13b766ce36d474eb8b9d1
work/fightclub-release-20261001/server.js,historical-work,3786,2b2c085ff556d07a802d87b2eca07b4584f85c5a253f85d3364452e36e4a6bb9
work/fightclub-release-20261001/src/auth.js,historical-work,3187,107c6640f98fcb94f3f2195f51ef753daade3c9013f1df2f4be018d1f038002c
work/fightclub-release-20261001/src/db.js,historical-work,27928,b6dfc3e6691090324bf83dd300300813e1167f82ab858d9dda80ea222b384cbf
work/fightclub-release-20261001/src/notify.js,historical-work,1906,afe4b5a6076444e0f2a2ea33057d85e58d66b91557389fc3ffdece45867fec0e
work/fightclub-release-20261001/src/routes/admin.js,historical-work,26350,7a84196c2bf30cd80cb05a5de4b3c68918a302c2f54ce66014ec0e663dcb6cf9
work/fightclub-release-20261001/src/routes/member.js,historical-work,7121,f293a1351e1d54364663bca8834e258e55f4d41e976d7eb86aa75e82d84371bd
work/fightclub-release-20261001/src/routes/public.js,historical-work,1600,bfc593d4390404b54d1a79b79c33fdb679bfbde7c44abc1d918f8eed511d57a3
work/fightclub-release-20261001/src/util.js,historical-work,2552,540b564447b0c1e7389a22f7af31698bb37751943bf27688cf5ef98c5b74d297
work/fightclub-release-20261001/src/whatsapp.js,historical-work,6603,29015125b10b044d97bdedd8b149972dcf41a8a1a7cd16f0d47de15aafbbc04e
work/fightclub-release-20261001/start-hidden.vbs,historical-work,218,1a2f9a31966963a17e250c1981e583e20ec4820b487b9e97fb52cf8d623f3d25
work/fightclub-release-20261001/start.bat,historical-work,1735,0bcffc3f23eb3554297905e50767174c4f01e1334d981ac1361128fa6383c008
work/fightclub-release-20261001/start.sh,historical-work,876,f1a14555f65e8e5dd05c972130bfb1526176614546d89522f2fe83615b711ba3
work/fightclub-release-20261001/stop.bat,historical-work,78,f8b35e657aa873174eb22691dc01eafbaaaa47bb1b5135df97aea8fad96bbb2f
work/fix-content-escapes.py,historical-work,263,9f5e94b08e0769cfc72475018f3d26ecea2e83d942cdb37ca520e0d1a932a352
work/inspect-db.cjs,historical-work,674,86b69266050ed59f63225c12ba9589fafff753809a68734c5ea38be7ef77c4e3
work/netlify-preview-20261007/assets/apple-touch-icon.png,reference-media,14829,8526e9d3f4da9616b27b1517cae60a60f52140716ec6591aeebc68b4b51317bc
work/netlify-preview-20261007/assets/favicon-32.png,reference-media,1389,da96b5eb4d0ddbacdf8ec3d910c0781e0282eb4255909b6617157f5b06263607
work/netlify-preview-20261007/assets/favicon.png,reference-media,25088,4c7fc4d50819c21850b47c94f4ec183f778b711ac14c6044b13dc5b68664a9bf
work/netlify-preview-20261007/assets/logo-inner.png,reference-media,458855,a448df2e0c7bf40dbcc0a33edeba0dfe5d22c83cdc7463e70806078e76ebe127
work/netlify-preview-20261007/assets/logo-interior.png,reference-media,527205,2beaec66e4e240fdf0e37a1e51036f76a78114f0739a429b6cd7490fac11605d
work/netlify-preview-20261007/assets/logo-main.jpg,reference-media,74843,0690024d3bc68fc033c1a1225272c92b4f246d00922ce7de3595890738483e33
work/netlify-preview-20261007/assets/og.jpg,reference-media,46238,2bc84e9ab5b6202d34b877b52ed0ce50cd8e7f5d5a56b92519edd5aebe05075b
work/netlify-preview-20261007/assets/streaks.png,reference-media,1252834,2c4cfcb774c3f12e3e0bf635161d5898c6be663323af51f565b971e14dfcf0d4
work/netlify-preview-20261007/assets/trainers/abdelkarim-zridy.jpg,reference-media,8096,ab11e22816ff4910df3d8da42160f144311dcf4594526f144a687d60045dc146
work/netlify-preview-20261007/assets/trainers/abdullah-jawish.jpg,reference-media,12870,30a321aae44912711fd63bcdfdb773b77748442a332287482e254955b83cb88a
work/netlify-preview-20261007/assets/trainers/adel-bek.jpg,reference-media,8848,a8a95b45f13d467f1c8666a9695806ad9349e3ee764562828fd118583bf44546
work/netlify-preview-20261007/assets/trainers/firas-saadah.jpg,reference-media,8068,04b61e9dea66eee6f4ad1f4f0d55687800363cdd7d60b7f2b4f5c401a6cc9acf
work/netlify-preview-20261007/assets/trainers/jose-maria-tomy.jpg,reference-media,9818,b2896dc36e90c62356592ea41221428296b0680ae5a97576e5e702911c929800
work/netlify-preview-20261007/assets/trainers/roua-salim.jpg,reference-media,9849,1cda1642b0dcf497ecd6093982d54ee48a0e247ff8dfb9bcd63544711cdeb5dd
work/netlify-preview-20261007/assets/trainers/soufiane-zridy.jpg,reference-media,7932,3132b763fa617eaa5c730e53fca53c846a9a7a04a92cf5aafff6cc034dfb26c0
work/netlify-preview-20261007/css/base.css,historical-work,8101,2a23df932d89459bfe38fb6f79039cb7755ee65934ae04e46c3522b6c8a48b15
work/netlify-preview-20261007/css/site.css,historical-work,17570,14aa88ba5669949f5e242641454da97545681ae7bd2120e5fa6458594e514fce
work/netlify-preview-20261007/index.html,historical-work,2039,0d02f98e31136dadbc4946fc8176f9a059c90b16a6dcabe1f672fc1d29b95c7f
work/netlify-preview-20261007/js/common.js,historical-work,15123,32e38ed02f43f71e33ad8c5d856c93c24266756fd14a066e490589b18e3d47f8
work/netlify-preview-20261007/js/site.js,historical-work,22216,6ee321685d49d64391dac42f9c47ca3e042a19c5f2fb17185b13d3d4fd214c28
work/patch-coach-cards.py,historical-work,3480,acca4458b3706c03b5c2d5811c79b107585ef2749bbf24b3f3cd9facfc18a6c1
work/pdf-review/extracted.txt,historical-work,12299,d0755f6af56fe0a965980287a3c5bf3bf29ff963b6488c7079a2f6b6a1286698
work/pdf-review/poster-01.png,reference-media,196598,770537263ff859d718df3ffcacd44b32c9c2008b6ab3c614b2d8c0fb9729fe8b
work/pdf-review/poster-02.png,reference-media,162632,2e8d50705ebc08557fa02d19359931a5614432baf411fac32f7c62d14919910b
work/pdf-review/poster-03.png,reference-media,152073,37b3f09f123393b197936a9172ef625abdd2593fd702005f18c7a7c4a9cbf573
work/pdf-review/poster-04.png,reference-media,180715,48bb8b8b1c6dca66bf6ce5aaa6cfdfe9398413cb446c9289cbf486db7de221ea
work/pdf-review/poster-05.png,reference-media,137410,b572116a659e345c267f1baf01ce1d66a00c07bb82c576294d091b241c989f44
work/pdf-review/poster-06.png,reference-media,423448,38724d881689706ef7ae8ae34ff20b1ef0a79c7d3ba4259e0e5079a143681c6e
work/pdf-review/poster-07.png,reference-media,314440,1596d14942b56291bbc572ab8a07219b646f8d5ca2f6afd8f031b056b8cddb10
work/pdf-review/poster-08.png,reference-media,179355,b7593b34d3ddd063645c90091b1f1e0dfbc055dd4076d7d1d3e9a31c1f236a0f
work/pdf-review/poster-09.png,reference-media,62015,4d98bfd3a2e7db88a51574c9f97e4ef4e8caa760cebef1f2d1e46aeea4b53f91
work/pdf-review/poster-10.png,reference-media,88547,9bb52834a7ad600dcbd4b0c7fd5d413fe7b6966218ac063db0831ccb97defa32
work/pdf-review/trainer-crops.jpg,reference-media,137437,894fef960eeed31d07b5a06ce59ac3ee16afcd18df1a4a4996593a51075e75c4
work/pre-release-2026-10-06/admin.js,historical-work,26350,7a84196c2bf30cd80cb05a5de4b3c68918a302c2f54ce66014ec0e663dcb6cf9
work/pre-release-2026-10-06/club.db,restricted-database-snapshot,323584,60458aac1221c5004e0b24027a02c88dc0167d455f8eaf40ee3adf7d51e7501b
work/pre-release-2026-10-06/site.css,historical-work,17423,17fab73b812947607d8dfa219461719613f21f37e6620a292132e9ad8f1f4705
work/pre-release-2026-10-06/site.js,historical-work,20484,fbb14e893720a10a7afe9ce74f991ffc9d361455e662a70581280c798ad04c50
work/publish-stage/fightclub/.dockerignore,historical-work,76,ac1fa84cc715a6e17ccd05942353a015e6cceb5b7325f0ef9fdfd39b63b2e0c8
work/publish-stage/fightclub/.env.example,historical-work,852,7474955cb0ab7a7e44722e1f35bac96082a486e9c470cbe89b8d6628f5ee5fa5
work/publish-stage/fightclub/.gitignore,historical-work,34,abf400c95db9cb4fccbd7db1a10a1f6d7439e607ac683599e8c0ac4e5bb5cafd
work/publish-stage/fightclub/.npmrc,historical-work,40,c7fe185bab79296940b94e2eda6f170f65a55938eb97e1d0d5fa67f932497b4e
work/publish-stage/fightclub/DEPLOY-AR.md,historical-work,6376,f2464a0f7597bb800f8035880f7195952422f85735de4bf99ef343849572824b
work/publish-stage/fightclub/Dockerfile,historical-work,384,4b987900e3f8aef73f193e3f7454231094fc87b150aa02720e17fcddcce238c8
work/publish-stage/fightclub/README.md,historical-work,7357,8481d58173f5da75d7934bf5cf10fc05c720635b56baf82d56b641858b434741
work/publish-stage/fightclub/compose.yaml,historical-work,549,2d84b4501b37f02e285824d1b08de2015c05a5beb9246b667d012f33b2be7760
work/publish-stage/fightclub/package-lock.json,historical-work,57405,584ca64911403e888fdc55897822522ae822ee07a77e00574ee296ba64f7cef7
work/publish-stage/fightclub/package.json,historical-work,687,365c61dca747fafa2c9947b9e343e6ad6d6f6408ceb1355214fbd3fdf604bdf3
work/publish-stage/fightclub/public/account.html,historical-work,1658,9c580e228b5f1c9607c30486e8343918a3bca746e7df366c7d86b9dd55a3f82c
work/publish-stage/fightclub/public/admin/index.html,historical-work,973,6fc7417d6c503f758742985cf86ee76b796b20fcfda6002913306b5ab58c5897
work/publish-stage/fightclub/public/assets/apple-touch-icon.png,reference-media,14829,8526e9d3f4da9616b27b1517cae60a60f52140716ec6591aeebc68b4b51317bc
work/publish-stage/fightclub/public/assets/favicon-32.png,reference-media,1389,da96b5eb4d0ddbacdf8ec3d910c0781e0282eb4255909b6617157f5b06263607
work/publish-stage/fightclub/public/assets/favicon.png,reference-media,25088,4c7fc4d50819c21850b47c94f4ec183f778b711ac14c6044b13dc5b68664a9bf
work/publish-stage/fightclub/public/assets/logo-inner.png,reference-media,458855,a448df2e0c7bf40dbcc0a33edeba0dfe5d22c83cdc7463e70806078e76ebe127
work/publish-stage/fightclub/public/assets/logo-interior.png,reference-media,527205,2beaec66e4e240fdf0e37a1e51036f76a78114f0739a429b6cd7490fac11605d
work/publish-stage/fightclub/public/assets/logo-main.jpg,reference-media,74843,0690024d3bc68fc033c1a1225272c92b4f246d00922ce7de3595890738483e33
work/publish-stage/fightclub/public/assets/og.jpg,reference-media,46238,2bc84e9ab5b6202d34b877b52ed0ce50cd8e7f5d5a56b92519edd5aebe05075b
work/publish-stage/fightclub/public/assets/streaks.png,reference-media,1252834,2c4cfcb774c3f12e3e0bf635161d5898c6be663323af51f565b971e14dfcf0d4
work/publish-stage/fightclub/public/assets/trainers/abdelkarim-zridy.jpg,reference-media,8096,ab11e22816ff4910df3d8da42160f144311dcf4594526f144a687d60045dc146
work/publish-stage/fightclub/public/assets/trainers/abdullah-jawish.jpg,reference-media,12870,30a321aae44912711fd63bcdfdb773b77748442a332287482e254955b83cb88a
work/publish-stage/fightclub/public/assets/trainers/adel-bek.jpg,reference-media,8848,a8a95b45f13d467f1c8666a9695806ad9349e3ee764562828fd118583bf44546
work/publish-stage/fightclub/public/assets/trainers/firas-saadah.jpg,reference-media,8068,04b61e9dea66eee6f4ad1f4f0d55687800363cdd7d60b7f2b4f5c401a6cc9acf
work/publish-stage/fightclub/public/assets/trainers/jose-maria-tomy.jpg,reference-media,9818,b2896dc36e90c62356592ea41221428296b0680ae5a97576e5e702911c929800
work/publish-stage/fightclub/public/assets/trainers/roua-salim.jpg,reference-media,9849,1cda1642b0dcf497ecd6093982d54ee48a0e247ff8dfb9bcd63544711cdeb5dd
work/publish-stage/fightclub/public/assets/trainers/soufiane-zridy.jpg,reference-media,7932,3132b763fa617eaa5c730e53fca53c846a9a7a04a92cf5aafff6cc034dfb26c0
work/publish-stage/fightclub/public/css/account.css,historical-work,6309,13a94f4a2f27fdece81919600061313479bef57008f87a8fe7bda2566ea3d149
work/publish-stage/fightclub/public/css/admin.css,historical-work,11303,1354fc07b1c00a15b171817475cf1c636ef64ca79d62338d1e11d2dc4ed21c77
work/publish-stage/fightclub/public/css/base.css,historical-work,8101,2a23df932d89459bfe38fb6f79039cb7755ee65934ae04e46c3522b6c8a48b15
work/publish-stage/fightclub/public/css/site.css,historical-work,17570,14aa88ba5669949f5e242641454da97545681ae7bd2120e5fa6458594e514fce
work/publish-stage/fightclub/public/index.html,historical-work,1618,f990dc12c3ffd0626b24612acc989bc5ea52ed415390944708e70881fb3dfe40
work/publish-stage/fightclub/public/js/account.js,historical-work,16888,c4cf0978da1e68331c6c32e04a7112c8fec242b7f4cf8242d73fb34d6f5bfb56
work/publish-stage/fightclub/public/js/admin.js,historical-work,57958,4e825b10eacb642955eed764ea3c94c20b375c597f1311d3bdcd770dd94b2567
work/publish-stage/fightclub/public/js/common.js,historical-work,15123,32e38ed02f43f71e33ad8c5d856c93c24266756fd14a066e490589b18e3d47f8
work/publish-stage/fightclub/public/js/site.js,historical-work,21056,4471f14bc05391f3057f32f93c311d66c18af4a7941b7bad855301b5465ecb6d
work/publish-stage/fightclub/scripts/backup.js,historical-work,800,75bb207390dcba78d5169769beef1c88909e9508945825be02127599ef76d9e6
work/publish-stage/fightclub/scripts/create-admin.js,historical-work,711,dc3cb17b5d5de75b9af13922d513134a3a31205a42f13b766ce36d474eb8b9d1
work/publish-stage/fightclub/server.js,historical-work,3786,2b2c085ff556d07a802d87b2eca07b4584f85c5a253f85d3364452e36e4a6bb9
work/publish-stage/fightclub/src/auth.js,historical-work,3187,107c6640f98fcb94f3f2195f51ef753daade3c9013f1df2f4be018d1f038002c
work/publish-stage/fightclub/src/db.js,historical-work,38575,9c6aa9e280a26517a2eae9eada2930387050f56e4fdc00703401c6ccc6d00f40
work/publish-stage/fightclub/src/notify.js,historical-work,1906,afe4b5a6076444e0f2a2ea33057d85e58d66b91557389fc3ffdece45867fec0e
work/publish-stage/fightclub/src/routes/admin.js,historical-work,26510,bd9a5364fc718010f44ba364bc9c6d38fef856787e056ea99c52472fc553fa10
work/publish-stage/fightclub/src/routes/member.js,historical-work,7121,f293a1351e1d54364663bca8834e258e55f4d41e976d7eb86aa75e82d84371bd
work/publish-stage/fightclub/src/routes/public.js,historical-work,1600,bfc593d4390404b54d1a79b79c33fdb679bfbde7c44abc1d918f8eed511d57a3
work/publish-stage/fightclub/src/util.js,historical-work,2552,540b564447b0c1e7389a22f7af31698bb37751943bf27688cf5ef98c5b74d297
work/publish-stage/fightclub/src/whatsapp.js,historical-work,6603,29015125b10b044d97bdedd8b149972dcf41a8a1a7cd16f0d47de15aafbbc04e
work/publish-stage/fightclub/start-hidden.vbs,historical-work,218,1a2f9a31966963a17e250c1981e583e20ec4820b487b9e97fb52cf8d623f3d25
work/publish-stage/fightclub/start.bat,historical-work,1735,0bcffc3f23eb3554297905e50767174c4f01e1334d981ac1361128fa6383c008
work/publish-stage/fightclub/start.sh,historical-work,876,f1a14555f65e8e5dd05c972130bfb1526176614546d89522f2fe83615b711ba3
work/publish-stage/fightclub/stop.bat,historical-work,78,f8b35e657aa873174eb22691dc01eafbaaaa47bb1b5135df97aea8fad96bbb2f
work/site-snapshot.json,historical-work,23787,f7c204e2cb929f5197d771d38379be4c888215793bd0b364d329c989b2950dfc
افتح الموقع.lnk,source,1053,b677f463b812deb6eb75957a268cf91971601dfa74d6ed38d9c8527ec0a49396
